N,Iterative,Recursive,Dynamic Programming
3,3,1,1
4,4,2,2
5,5,4,3
6,6,7,4
7,7,12,5
8,8,20,6
9,9,33,7
10,10,54,8
11,11,88,9
12,12,143,10
13,13,232,11
14,14,376,12
15,15,609,13
16,16,986,14
17,17,1596,15
18,18,2583,16
19,19,4180,17
20,20,6764,18
21,21,10945,19
22,22,17710,20
23,23,28656,21
24,24,46367,22
25,25,75024,23
26,26,121392,24
27,27,196417,25
28,28,317810,26
29,29,514228,27
30,30,832039,28
31,31,1346268,29
32,32,2178308,30
33,33,3524577,31
34,34,5702886,32
35,35,9227464,33
36,36,14930351,34
37,37,24157816,35
38,38,39088168,36
39,39,63245985,37
40,40,102334154,38
41,41,165580140,39
42,42,267914295,40
43,43,433494436,41
44,44,701408732,42
45,45,1134903169,43
46,46,1836311902,44
47,47,-1323752224,45
48,48,512559679,46
49,49,-811192544,47
50,50,-298632864,48
51,51,-,49
52,52,-,50
53,53,-,51
54,54,-,52
55,55,-,53
56,56,-,54
57,57,-,55
58,58,-,56
59,59,-,57
60,60,-,58
61,61,-,59
62,62,-,60
63,63,-,61
64,64,-,62
65,65,-,63
66,66,-,64
67,67,-,65
68,68,-,66
69,69,-,67
70,70,-,68
71,71,-,69
72,72,-,70
73,73,-,71
74,74,-,72
75,75,-,73
76,76,-,74
77,77,-,75
78,78,-,76
79,79,-,77
80,80,-,78
81,81,-,79
82,82,-,80
83,83,-,81
84,84,-,82
85,85,-,83
86,86,-,84
87,87,-,85
88,88,-,86
89,89,-,87
90,90,-,88
91,91,-,89
92,92,-,90
93,93,-,91
94,94,-,92
95,95,-,93
96,96,-,94
97,97,-,95
98,98,-,96
99,99,-,97
100,100,-,98
101,101,-,99
102,102,-,100
103,103,-,101
104,104,-,102
105,105,-,103
106,106,-,104
107,107,-,105
108,108,-,106
109,109,-,107
110,110,-,108
111,111,-,109
112,112,-,110
113,113,-,111
114,114,-,112
115,115,-,113
116,116,-,114
117,117,-,115
118,118,-,116
119,119,-,117
120,120,-,118
121,121,-,119
122,122,-,120
123,123,-,121
124,124,-,122
125,125,-,123
126,126,-,124
127,127,-,125
128,128,-,126
129,129,-,127
130,130,-,128
131,131,-,129
132,132,-,130
133,133,-,131
134,134,-,132
135,135,-,133
136,136,-,134
137,137,-,135
138,138,-,136
139,139,-,137
140,140,-,138
141,141,-,139
142,142,-,140
143,143,-,141
144,144,-,142
145,145,-,143
146,146,-,144
147,147,-,145
148,148,-,146
149,149,-,147
150,150,-,148
151,151,-,149
152,152,-,150
153,153,-,151
154,154,-,152
155,155,-,153
156,156,-,154
157,157,-,155
158,158,-,156
159,159,-,157
160,160,-,158
161,161,-,159
162,162,-,160
163,163,-,161
164,164,-,162
165,165,-,163
166,166,-,164
167,167,-,165
168,168,-,166
169,169,-,167
170,170,-,168
171,171,-,169
172,172,-,170
173,173,-,171
174,174,-,172
175,175,-,173
176,176,-,174
177,177,-,175
178,178,-,176
179,179,-,177
180,180,-,178
181,181,-,179
182,182,-,180
183,183,-,181
184,184,-,182
185,185,-,183
186,186,-,184
187,187,-,185
188,188,-,186
189,189,-,187
190,190,-,188
191,191,-,189
192,192,-,190
193,193,-,191
194,194,-,192
195,195,-,193
196,196,-,194
197,197,-,195
198,198,-,196
199,199,-,197
200,200,-,198
201,201,-,199
202,202,-,200
203,203,-,201
204,204,-,202
205,205,-,203
206,206,-,204
207,207,-,205
208,208,-,206
209,209,-,207
210,210,-,208
211,211,-,209
212,212,-,210
213,213,-,211
214,214,-,212
215,215,-,213
216,216,-,214
217,217,-,215
218,218,-,216
219,219,-,217
220,220,-,218
221,221,-,219
222,222,-,220
223,223,-,221
224,224,-,222
225,225,-,223
226,226,-,224
227,227,-,225
228,228,-,226
229,229,-,227
230,230,-,228
231,231,-,229
232,232,-,230
233,233,-,231
234,234,-,232
235,235,-,233
236,236,-,234
237,237,-,235
238,238,-,236
239,239,-,237
240,240,-,238
241,241,-,239
242,242,-,240
243,243,-,241
244,244,-,242
245,245,-,243
246,246,-,244
247,247,-,245
248,248,-,246
249,249,-,247
250,250,-,248
251,251,-,249
252,252,-,250
253,253,-,251
254,254,-,252
255,255,-,253
256,256,-,254
257,257,-,255
258,258,-,256
259,259,-,257
260,260,-,258
261,261,-,259
262,262,-,260
263,263,-,261
264,264,-,262
265,265,-,263
266,266,-,264
267,267,-,265
268,268,-,266
269,269,-,267
270,270,-,268
271,271,-,269
272,272,-,270
273,273,-,271
274,274,-,272
275,275,-,273
276,276,-,274
277,277,-,275
278,278,-,276
279,279,-,277
280,280,-,278
281,281,-,279
282,282,-,280
283,283,-,281
284,284,-,282
285,285,-,283
286,286,-,284
287,287,-,285
288,288,-,286
289,289,-,287
290,290,-,288
291,291,-,289
292,292,-,290
293,293,-,291
294,294,-,292
295,295,-,293
296,296,-,294
297,297,-,295
298,298,-,296
299,299,-,297
300,300,-,298
301,301,-,299
302,302,-,300
303,303,-,301
304,304,-,302
305,305,-,303
306,306,-,304
307,307,-,305
308,308,-,306
309,309,-,307
310,310,-,308
311,311,-,309
312,312,-,310
313,313,-,311
314,314,-,312
315,315,-,313
316,316,-,314
317,317,-,315
318,318,-,316
319,319,-,317
320,320,-,318
321,321,-,319
322,322,-,320
323,323,-,321
324,324,-,322
325,325,-,323
326,326,-,324
327,327,-,325
328,328,-,326
329,329,-,327
330,330,-,328
331,331,-,329
332,332,-,330
333,333,-,331
334,334,-,332
335,335,-,333
336,336,-,334
337,337,-,335
338,338,-,336
339,339,-,337
340,340,-,338
341,341,-,339
342,342,-,340
343,343,-,341
344,344,-,342
345,345,-,343
346,346,-,344
347,347,-,345
348,348,-,346
349,349,-,347
350,350,-,348
351,351,-,349
352,352,-,350
353,353,-,351
354,354,-,352
355,355,-,353
356,356,-,354
357,357,-,355
358,358,-,356
359,359,-,357
360,360,-,358
361,361,-,359
362,362,-,360
363,363,-,361
364,364,-,362
365,365,-,363
366,366,-,364
367,367,-,365
368,368,-,366
369,369,-,367
370,370,-,368
371,371,-,369
372,372,-,370
373,373,-,371
374,374,-,372
375,375,-,373
376,376,-,374
377,377,-,375
378,378,-,376
379,379,-,377
380,380,-,378
381,381,-,379
382,382,-,380
383,383,-,381
384,384,-,382
385,385,-,383
386,386,-,384
387,387,-,385
388,388,-,386
389,389,-,387
390,390,-,388
391,391,-,389
392,392,-,390
393,393,-,391
394,394,-,392
395,395,-,393
396,396,-,394
397,397,-,395
398,398,-,396
399,399,-,397
400,400,-,398
401,401,-,399
402,402,-,400
403,403,-,401
404,404,-,402
405,405,-,403
406,406,-,404
407,407,-,405
408,408,-,406
409,409,-,407
410,410,-,408
411,411,-,409
412,412,-,410
413,413,-,411
414,414,-,412
415,415,-,413
416,416,-,414
417,417,-,415
418,418,-,416
419,419,-,417
420,420,-,418
421,421,-,419
422,422,-,420
423,423,-,421
424,424,-,422
425,425,-,423
426,426,-,424
427,427,-,425
428,428,-,426
429,429,-,427
430,430,-,428
431,431,-,429
432,432,-,430
433,433,-,431
434,434,-,432
435,435,-,433
436,436,-,434
437,437,-,435
438,438,-,436
439,439,-,437
440,440,-,438
441,441,-,439
442,442,-,440
443,443,-,441
444,444,-,442
445,445,-,443
446,446,-,444
447,447,-,445
448,448,-,446
449,449,-,447
450,450,-,448
451,451,-,449
452,452,-,450
453,453,-,451
454,454,-,452
455,455,-,453
456,456,-,454
457,457,-,455
458,458,-,456
459,459,-,457
460,460,-,458
461,461,-,459
462,462,-,460
463,463,-,461
464,464,-,462
465,465,-,463
466,466,-,464
467,467,-,465
468,468,-,466
469,469,-,467
470,470,-,468
471,471,-,469
472,472,-,470
473,473,-,471
474,474,-,472
475,475,-,473
476,476,-,474
477,477,-,475
478,478,-,476
479,479,-,477
480,480,-,478
481,481,-,479
482,482,-,480
483,483,-,481
484,484,-,482
485,485,-,483
486,486,-,484
487,487,-,485
488,488,-,486
489,489,-,487
490,490,-,488
491,491,-,489
492,492,-,490
493,493,-,491
494,494,-,492
495,495,-,493
496,496,-,494
497,497,-,495
498,498,-,496
499,499,-,497
500,500,-,498
501,501,-,499
502,502,-,500
503,503,-,501
504,504,-,502
505,505,-,503
506,506,-,504
507,507,-,505
508,508,-,506
509,509,-,507
510,510,-,508
511,511,-,509
512,512,-,510
513,513,-,511
514,514,-,512
515,515,-,513
516,516,-,514
517,517,-,515
518,518,-,516
519,519,-,517
520,520,-,518
521,521,-,519
522,522,-,520
523,523,-,521
524,524,-,522
525,525,-,523
526,526,-,524
527,527,-,525
528,528,-,526
529,529,-,527
530,530,-,528
531,531,-,529
532,532,-,530
533,533,-,531
534,534,-,532
535,535,-,533
536,536,-,534
537,537,-,535
538,538,-,536
539,539,-,537
540,540,-,538
541,541,-,539
542,542,-,540
543,543,-,541
544,544,-,542
545,545,-,543
546,546,-,544
547,547,-,545
548,548,-,546
549,549,-,547
550,550,-,548
551,551,-,549
552,552,-,550
553,553,-,551
554,554,-,552
555,555,-,553
556,556,-,554
557,557,-,555
558,558,-,556
559,559,-,557
560,560,-,558
561,561,-,559
562,562,-,560
563,563,-,561
564,564,-,562
565,565,-,563
566,566,-,564
567,567,-,565
568,568,-,566
569,569,-,567
570,570,-,568
571,571,-,569
572,572,-,570
573,573,-,571
574,574,-,572
575,575,-,573
576,576,-,574
577,577,-,575
578,578,-,576
579,579,-,577
580,580,-,578
581,581,-,579
582,582,-,580
583,583,-,581
584,584,-,582
585,585,-,583
586,586,-,584
587,587,-,585
588,588,-,586
589,589,-,587
590,590,-,588
591,591,-,589
592,592,-,590
593,593,-,591
594,594,-,592
595,595,-,593
596,596,-,594
597,597,-,595
598,598,-,596
599,599,-,597
600,600,-,598
601,601,-,599
602,602,-,600
603,603,-,601
604,604,-,602
605,605,-,603
606,606,-,604
607,607,-,605
608,608,-,606
609,609,-,607
610,610,-,608
611,611,-,609
612,612,-,610
613,613,-,611
614,614,-,612
615,615,-,613
616,616,-,614
617,617,-,615
618,618,-,616
619,619,-,617
620,620,-,618
621,621,-,619
622,622,-,620
623,623,-,621
624,624,-,622
625,625,-,623
626,626,-,624
627,627,-,625
628,628,-,626
629,629,-,627
630,630,-,628
631,631,-,629
632,632,-,630
633,633,-,631
634,634,-,632
635,635,-,633
636,636,-,634
637,637,-,635
638,638,-,636
639,639,-,637
640,640,-,638
641,641,-,639
642,642,-,640
643,643,-,641
644,644,-,642
645,645,-,643
646,646,-,644
647,647,-,645
648,648,-,646
649,649,-,647
650,650,-,648
651,651,-,649
652,652,-,650
653,653,-,651
654,654,-,652
655,655,-,653
656,656,-,654
657,657,-,655
658,658,-,656
659,659,-,657
660,660,-,658
661,661,-,659
662,662,-,660
663,663,-,661
664,664,-,662
665,665,-,663
666,666,-,664
667,667,-,665
668,668,-,666
669,669,-,667
670,670,-,668
671,671,-,669
672,672,-,670
673,673,-,671
674,674,-,672
675,675,-,673
676,676,-,674
677,677,-,675
678,678,-,676
679,679,-,677
680,680,-,678
681,681,-,679
682,682,-,680
683,683,-,681
684,684,-,682
685,685,-,683
686,686,-,684
687,687,-,685
688,688,-,686
689,689,-,687
690,690,-,688
691,691,-,689
692,692,-,690
693,693,-,691
694,694,-,692
695,695,-,693
696,696,-,694
697,697,-,695
698,698,-,696
699,699,-,697
700,700,-,698
701,701,-,699
702,702,-,700
703,703,-,701
704,704,-,702
705,705,-,703
706,706,-,704
707,707,-,705
708,708,-,706
709,709,-,707
710,710,-,708
711,711,-,709
712,712,-,710
713,713,-,711
714,714,-,712
715,715,-,713
716,716,-,714
717,717,-,715
718,718,-,716
719,719,-,717
720,720,-,718
721,721,-,719
722,722,-,720
723,723,-,721
724,724,-,722
725,725,-,723
726,726,-,724
727,727,-,725
728,728,-,726
729,729,-,727
730,730,-,728
731,731,-,729
732,732,-,730
733,733,-,731
734,734,-,732
735,735,-,733
736,736,-,734
737,737,-,735
738,738,-,736
739,739,-,737
740,740,-,738
741,741,-,739
742,742,-,740
743,743,-,741
744,744,-,742
745,745,-,743
746,746,-,744
747,747,-,745
748,748,-,746
749,749,-,747
750,750,-,748
751,751,-,749
752,752,-,750
753,753,-,751
754,754,-,752
755,755,-,753
756,756,-,754
757,757,-,755
758,758,-,756
759,759,-,757
760,760,-,758
761,761,-,759
762,762,-,760
763,763,-,761
764,764,-,762
765,765,-,763
766,766,-,764
767,767,-,765
768,768,-,766
769,769,-,767
770,770,-,768
771,771,-,769
772,772,-,770
773,773,-,771
774,774,-,772
775,775,-,773
776,776,-,774
777,777,-,775
778,778,-,776
779,779,-,777
780,780,-,778
781,781,-,779
782,782,-,780
783,783,-,781
784,784,-,782
785,785,-,783
786,786,-,784
787,787,-,785
788,788,-,786
789,789,-,787
790,790,-,788
791,791,-,789
792,792,-,790
793,793,-,791
794,794,-,792
795,795,-,793
796,796,-,794
797,797,-,795
798,798,-,796
799,799,-,797
800,800,-,798
801,801,-,799
802,802,-,800
803,803,-,801
804,804,-,802
805,805,-,803
806,806,-,804
807,807,-,805
808,808,-,806
809,809,-,807
810,810,-,808
811,811,-,809
812,812,-,810
813,813,-,811
814,814,-,812
815,815,-,813
816,816,-,814
817,817,-,815
818,818,-,816
819,819,-,817
820,820,-,818
821,821,-,819
822,822,-,820
823,823,-,821
824,824,-,822
825,825,-,823
826,826,-,824
827,827,-,825
828,828,-,826
829,829,-,827
830,830,-,828
831,831,-,829
832,832,-,830
833,833,-,831
834,834,-,832
835,835,-,833
836,836,-,834
837,837,-,835
838,838,-,836
839,839,-,837
840,840,-,838
841,841,-,839
842,842,-,840
843,843,-,841
844,844,-,842
845,845,-,843
846,846,-,844
847,847,-,845
848,848,-,846
849,849,-,847
850,850,-,848
851,851,-,849
852,852,-,850
853,853,-,851
854,854,-,852
855,855,-,853
856,856,-,854
857,857,-,855
858,858,-,856
859,859,-,857
860,860,-,858
861,861,-,859
862,862,-,860
863,863,-,861
864,864,-,862
865,865,-,863
866,866,-,864
867,867,-,865
868,868,-,866
869,869,-,867
870,870,-,868
871,871,-,869
872,872,-,870
873,873,-,871
874,874,-,872
875,875,-,873
876,876,-,874
877,877,-,875
878,878,-,876
879,879,-,877
880,880,-,878
881,881,-,879
882,882,-,880
883,883,-,881
884,884,-,882
885,885,-,883
886,886,-,884
887,887,-,885
888,888,-,886
889,889,-,887
890,890,-,888
891,891,-,889
892,892,-,890
893,893,-,891
894,894,-,892
895,895,-,893
896,896,-,894
897,897,-,895
898,898,-,896
899,899,-,897
900,900,-,898
901,901,-,899
902,902,-,900
903,903,-,901
904,904,-,902
905,905,-,903
906,906,-,904
907,907,-,905
908,908,-,906
909,909,-,907
910,910,-,908
911,911,-,909
912,912,-,910
913,913,-,911
914,914,-,912
915,915,-,913
916,916,-,914
917,917,-,915
918,918,-,916
919,919,-,917
920,920,-,918
921,921,-,919
922,922,-,920
923,923,-,921
924,924,-,922
925,925,-,923
926,926,-,924
927,927,-,925
928,928,-,926
929,929,-,927
930,930,-,928
931,931,-,929
932,932,-,930
933,933,-,931
934,934,-,932
935,935,-,933
936,936,-,934
937,937,-,935
938,938,-,936
939,939,-,937
940,940,-,938
941,941,-,939
942,942,-,940
943,943,-,941
944,944,-,942
945,945,-,943
946,946,-,944
947,947,-,945
948,948,-,946
949,949,-,947
950,950,-,948
951,951,-,949
952,952,-,950
953,953,-,951
954,954,-,952
955,955,-,953
956,956,-,954
957,957,-,955
958,958,-,956
959,959,-,957
960,960,-,958
961,961,-,959
962,962,-,960
963,963,-,961
964,964,-,962
965,965,-,963
966,966,-,964
967,967,-,965
968,968,-,966
969,969,-,967
970,970,-,968
971,971,-,969
972,972,-,970
973,973,-,971
974,974,-,972
975,975,-,973
976,976,-,974
977,977,-,975
978,978,-,976
979,979,-,977
980,980,-,978
981,981,-,979
982,982,-,980
983,983,-,981
984,984,-,982
985,985,-,983
986,986,-,984
987,987,-,985
988,988,-,986
989,989,-,987
990,990,-,988
991,991,-,989
992,992,-,990
993,993,-,991
994,994,-,992
995,995,-,993
996,996,-,994
997,997,-,995
998,998,-,996
999,999,-,997
1000,1000,-,998
1001,1001,-,999
1002,1002,-,1000
1003,1003,-,1001
1004,1004,-,1002
1005,1005,-,1003
1006,1006,-,1004
1007,1007,-,1005
1008,1008,-,1006
1009,1009,-,1007
1010,1010,-,1008
1011,1011,-,1009
1012,1012,-,1010
1013,1013,-,1011
1014,1014,-,1012
1015,1015,-,1013
1016,1016,-,1014
1017,1017,-,1015
1018,1018,-,1016
1019,1019,-,1017
1020,1020,-,1018
1021,1021,-,1019
1022,1022,-,1020
1023,1023,-,1021
1024,1024,-,1022
1025,1025,-,1023
1026,1026,-,1024
1027,1027,-,1025
1028,1028,-,1026
1029,1029,-,1027
1030,1030,-,1028
1031,1031,-,1029
1032,1032,-,1030
1033,1033,-,1031
1034,1034,-,1032
1035,1035,-,1033
1036,1036,-,1034
1037,1037,-,1035
1038,1038,-,1036
1039,1039,-,1037
1040,1040,-,1038
1041,1041,-,1039
1042,1042,-,1040
1043,1043,-,1041
1044,1044,-,1042
1045,1045,-,1043
1046,1046,-,1044
1047,1047,-,1045
1048,1048,-,1046
1049,1049,-,1047
1050,1050,-,1048
1051,1051,-,1049
1052,1052,-,1050
1053,1053,-,1051
1054,1054,-,1052
1055,1055,-,1053
1056,1056,-,1054
1057,1057,-,1055
1058,1058,-,1056
1059,1059,-,1057
1060,1060,-,1058
1061,1061,-,1059
1062,1062,-,1060
1063,1063,-,1061
1064,1064,-,1062
1065,1065,-,1063
1066,1066,-,1064
1067,1067,-,1065
1068,1068,-,1066
1069,1069,-,1067
1070,1070,-,1068
1071,1071,-,1069
1072,1072,-,1070
1073,1073,-,1071
1074,1074,-,1072
1075,1075,-,1073
1076,1076,-,1074
1077,1077,-,1075
1078,1078,-,1076
1079,1079,-,1077
1080,1080,-,1078
1081,1081,-,1079
1082,1082,-,1080
1083,1083,-,1081
1084,1084,-,1082
1085,1085,-,1083
1086,1086,-,1084
1087,1087,-,1085
1088,1088,-,1086
1089,1089,-,1087
1090,1090,-,1088
1091,1091,-,1089
1092,1092,-,1090
1093,1093,-,1091
1094,1094,-,1092
1095,1095,-,1093
1096,1096,-,1094
1097,1097,-,1095
1098,1098,-,1096
1099,1099,-,1097
1100,1100,-,1098
1101,1101,-,1099
1102,1102,-,1100
1103,1103,-,1101
1104,1104,-,1102
1105,1105,-,1103
1106,1106,-,1104
1107,1107,-,1105
1108,1108,-,1106
1109,1109,-,1107
1110,1110,-,1108
1111,1111,-,1109
1112,1112,-,1110
1113,1113,-,1111
1114,1114,-,1112
1115,1115,-,1113
1116,1116,-,1114
1117,1117,-,1115
1118,1118,-,1116
1119,1119,-,1117
1120,1120,-,1118
1121,1121,-,1119
1122,1122,-,1120
1123,1123,-,1121
1124,1124,-,1122
1125,1125,-,1123
1126,1126,-,1124
1127,1127,-,1125
1128,1128,-,1126
1129,1129,-,1127
1130,1130,-,1128
1131,1131,-,1129
1132,1132,-,1130
1133,1133,-,1131
1134,1134,-,1132
1135,1135,-,1133
1136,1136,-,1134
1137,1137,-,1135
1138,1138,-,1136
1139,1139,-,1137
1140,1140,-,1138
1141,1141,-,1139
1142,1142,-,1140
1143,1143,-,1141
1144,1144,-,1142
1145,1145,-,1143
1146,1146,-,1144
1147,1147,-,1145
1148,1148,-,1146
1149,1149,-,1147
1150,1150,-,1148
1151,1151,-,1149
1152,1152,-,1150
1153,1153,-,1151
1154,1154,-,1152
1155,1155,-,1153
1156,1156,-,1154
1157,1157,-,1155
1158,1158,-,1156
1159,1159,-,1157
1160,1160,-,1158
1161,1161,-,1159
1162,1162,-,1160
1163,1163,-,1161
1164,1164,-,1162
1165,1165,-,1163
1166,1166,-,1164
1167,1167,-,1165
1168,1168,-,1166
1169,1169,-,1167
1170,1170,-,1168
1171,1171,-,1169
1172,1172,-,1170
1173,1173,-,1171
1174,1174,-,1172
1175,1175,-,1173
1176,1176,-,1174
1177,1177,-,1175
1178,1178,-,1176
1179,1179,-,1177
1180,1180,-,1178
1181,1181,-,1179
1182,1182,-,1180
1183,1183,-,1181
1184,1184,-,1182
1185,1185,-,1183
1186,1186,-,1184
1187,1187,-,1185
1188,1188,-,1186
1189,1189,-,1187
1190,1190,-,1188
1191,1191,-,1189
1192,1192,-,1190
1193,1193,-,1191
1194,1194,-,1192
1195,1195,-,1193
1196,1196,-,1194
1197,1197,-,1195
1198,1198,-,1196
1199,1199,-,1197
1200,1200,-,1198
1201,1201,-,1199
1202,1202,-,1200
1203,1203,-,1201
1204,1204,-,1202
1205,1205,-,1203
1206,1206,-,1204
1207,1207,-,1205
1208,1208,-,1206
1209,1209,-,1207
1210,1210,-,1208
1211,1211,-,1209
1212,1212,-,1210
1213,1213,-,1211
1214,1214,-,1212
1215,1215,-,1213
1216,1216,-,1214
1217,1217,-,1215
1218,1218,-,1216
1219,1219,-,1217
1220,1220,-,1218
1221,1221,-,1219
1222,1222,-,1220
1223,1223,-,1221
1224,1224,-,1222
1225,1225,-,1223
1226,1226,-,1224
1227,1227,-,1225
1228,1228,-,1226
1229,1229,-,1227
1230,1230,-,1228
1231,1231,-,1229
1232,1232,-,1230
1233,1233,-,1231
1234,1234,-,1232
1235,1235,-,1233
1236,1236,-,1234
1237,1237,-,1235
1238,1238,-,1236
1239,1239,-,1237
1240,1240,-,1238
1241,1241,-,1239
1242,1242,-,1240
1243,1243,-,1241
1244,1244,-,1242
1245,1245,-,1243
1246,1246,-,1244
1247,1247,-,1245
1248,1248,-,1246
1249,1249,-,1247
1250,1250,-,1248
1251,1251,-,1249
1252,1252,-,1250
1253,1253,-,1251
1254,1254,-,1252
1255,1255,-,1253
1256,1256,-,1254
1257,1257,-,1255
1258,1258,-,1256
1259,1259,-,1257
1260,1260,-,1258
1261,1261,-,1259
1262,1262,-,1260
1263,1263,-,1261
1264,1264,-,1262
1265,1265,-,1263
1266,1266,-,1264
1267,1267,-,1265
1268,1268,-,1266
1269,1269,-,1267
1270,1270,-,1268
1271,1271,-,1269
1272,1272,-,1270
1273,1273,-,1271
1274,1274,-,1272
1275,1275,-,1273
1276,1276,-,1274
1277,1277,-,1275
1278,1278,-,1276
1279,1279,-,1277
1280,1280,-,1278
1281,1281,-,1279
1282,1282,-,1280
1283,1283,-,1281
1284,1284,-,1282
1285,1285,-,1283
1286,1286,-,1284
1287,1287,-,1285
1288,1288,-,1286
1289,1289,-,1287
1290,1290,-,1288
1291,1291,-,1289
1292,1292,-,1290
1293,1293,-,1291
1294,1294,-,1292
1295,1295,-,1293
1296,1296,-,1294
1297,1297,-,1295
1298,1298,-,1296
1299,1299,-,1297
1300,1300,-,1298
1301,1301,-,1299
1302,1302,-,1300
1303,1303,-,1301
1304,1304,-,1302
1305,1305,-,1303
1306,1306,-,1304
1307,1307,-,1305
1308,1308,-,1306
1309,1309,-,1307
1310,1310,-,1308
1311,1311,-,1309
1312,1312,-,1310
1313,1313,-,1311
1314,1314,-,1312
1315,1315,-,1313
1316,1316,-,1314
1317,1317,-,1315
1318,1318,-,1316
1319,1319,-,1317
1320,1320,-,1318
1321,1321,-,1319
1322,1322,-,1320
1323,1323,-,1321
1324,1324,-,1322
1325,1325,-,1323
1326,1326,-,1324
1327,1327,-,1325
1328,1328,-,1326
1329,1329,-,1327
1330,1330,-,1328
1331,1331,-,1329
1332,1332,-,1330
1333,1333,-,1331
1334,1334,-,1332
1335,1335,-,1333
1336,1336,-,1334
1337,1337,-,1335
1338,1338,-,1336
1339,1339,-,1337
1340,1340,-,1338
1341,1341,-,1339
1342,1342,-,1340
1343,1343,-,1341
1344,1344,-,1342
1345,1345,-,1343
1346,1346,-,1344
1347,1347,-,1345
1348,1348,-,1346
1349,1349,-,1347
1350,1350,-,1348
1351,1351,-,1349
1352,1352,-,1350
1353,1353,-,1351
1354,1354,-,1352
1355,1355,-,1353
1356,1356,-,1354
1357,1357,-,1355
1358,1358,-,1356
1359,1359,-,1357
1360,1360,-,1358
1361,1361,-,1359
1362,1362,-,1360
1363,1363,-,1361
1364,1364,-,1362
1365,1365,-,1363
1366,1366,-,1364
1367,1367,-,1365
1368,1368,-,1366
1369,1369,-,1367
1370,1370,-,1368
1371,1371,-,1369
1372,1372,-,1370
1373,1373,-,1371
1374,1374,-,1372
1375,1375,-,1373
1376,1376,-,1374
1377,1377,-,1375
1378,1378,-,1376
1379,1379,-,1377
1380,1380,-,1378
1381,1381,-,1379
1382,1382,-,1380
1383,1383,-,1381
1384,1384,-,1382
1385,1385,-,1383
1386,1386,-,1384
1387,1387,-,1385
1388,1388,-,1386
1389,1389,-,1387
1390,1390,-,1388
1391,1391,-,1389
1392,1392,-,1390
1393,1393,-,1391
1394,1394,-,1392
1395,1395,-,1393
1396,1396,-,1394
1397,1397,-,1395
1398,1398,-,1396
1399,1399,-,1397
1400,1400,-,1398
1401,1401,-,1399
1402,1402,-,1400
1403,1403,-,1401
1404,1404,-,1402
1405,1405,-,1403
1406,1406,-,1404
1407,1407,-,1405
1408,1408,-,1406
1409,1409,-,1407
1410,1410,-,1408
1411,1411,-,1409
1412,1412,-,1410
1413,1413,-,1411
1414,1414,-,1412
1415,1415,-,1413
1416,1416,-,1414
1417,1417,-,1415
1418,1418,-,1416
1419,1419,-,1417
1420,1420,-,1418
1421,1421,-,1419
1422,1422,-,1420
1423,1423,-,1421
1424,1424,-,1422
1425,1425,-,1423
1426,1426,-,1424
1427,1427,-,1425
1428,1428,-,1426
1429,1429,-,1427
1430,1430,-,1428
1431,1431,-,1429
1432,1432,-,1430
1433,1433,-,1431
1434,1434,-,1432
1435,1435,-,1433
1436,1436,-,1434
1437,1437,-,1435
1438,1438,-,1436
1439,1439,-,1437
1440,1440,-,1438
1441,1441,-,1439
1442,1442,-,1440
1443,1443,-,1441
1444,1444,-,1442
1445,1445,-,1443
1446,1446,-,1444
1447,1447,-,1445
1448,1448,-,1446
1449,1449,-,1447
1450,1450,-,1448
1451,1451,-,1449
1452,1452,-,1450
1453,1453,-,1451
1454,1454,-,1452
1455,1455,-,1453
1456,1456,-,1454
1457,1457,-,1455
1458,1458,-,1456
1459,1459,-,1457
1460,1460,-,1458
1461,1461,-,1459
1462,1462,-,1460
1463,1463,-,1461
1464,1464,-,1462
1465,1465,-,1463
1466,1466,-,1464
1467,1467,-,1465
1468,1468,-,1466
1469,1469,-,1467
1470,1470,-,1468
1471,1471,-,1469
1472,1472,-,1470
1473,1473,-,1471
1474,1474,-,1472
1475,1475,-,1473
1476,1476,-,1474
1477,1477,-,1475
1478,1478,-,1476
1479,1479,-,1477
1480,1480,-,1478
1481,1481,-,1479
1482,1482,-,1480
1483,1483,-,1481
1484,1484,-,1482
1485,1485,-,1483
1486,1486,-,1484
1487,1487,-,1485
1488,1488,-,1486
1489,1489,-,1487
1490,1490,-,1488
1491,1491,-,1489
1492,1492,-,1490
1493,1493,-,1491
1494,1494,-,1492
1495,1495,-,1493
1496,1496,-,1494
1497,1497,-,1495
1498,1498,-,1496
1499,1499,-,1497
1500,1500,-,1498
1501,1501,-,1499
1502,1502,-,1500
1503,1503,-,1501
1504,1504,-,1502
1505,1505,-,1503
1506,1506,-,1504
1507,1507,-,1505
1508,1508,-,1506
1509,1509,-,1507
1510,1510,-,1508
1511,1511,-,1509
1512,1512,-,1510
1513,1513,-,1511
1514,1514,-,1512
1515,1515,-,1513
1516,1516,-,1514
1517,1517,-,1515
1518,1518,-,1516
1519,1519,-,1517
1520,1520,-,1518
1521,1521,-,1519
1522,1522,-,1520
1523,1523,-,1521
1524,1524,-,1522
1525,1525,-,1523
1526,1526,-,1524
1527,1527,-,1525
1528,1528,-,1526
1529,1529,-,1527
1530,1530,-,1528
1531,1531,-,1529
1532,1532,-,1530
1533,1533,-,1531
1534,1534,-,1532
1535,1535,-,1533
1536,1536,-,1534
1537,1537,-,1535
1538,1538,-,1536
1539,1539,-,1537
1540,1540,-,1538
1541,1541,-,1539
1542,1542,-,1540
1543,1543,-,1541
1544,1544,-,1542
1545,1545,-,1543
1546,1546,-,1544
1547,1547,-,1545
1548,1548,-,1546
1549,1549,-,1547
1550,1550,-,1548
1551,1551,-,1549
1552,1552,-,1550
1553,1553,-,1551
1554,1554,-,1552
1555,1555,-,1553
1556,1556,-,1554
1557,1557,-,1555
1558,1558,-,1556
1559,1559,-,1557
1560,1560,-,1558
1561,1561,-,1559
1562,1562,-,1560
1563,1563,-,1561
1564,1564,-,1562
1565,1565,-,1563
1566,1566,-,1564
1567,1567,-,1565
1568,1568,-,1566
1569,1569,-,1567
1570,1570,-,1568
1571,1571,-,1569
1572,1572,-,1570
1573,1573,-,1571
1574,1574,-,1572
1575,1575,-,1573
1576,1576,-,1574
1577,1577,-,1575
1578,1578,-,1576
1579,1579,-,1577
1580,1580,-,1578
1581,1581,-,1579
1582,1582,-,1580
1583,1583,-,1581
1584,1584,-,1582
1585,1585,-,1583
1586,1586,-,1584
1587,1587,-,1585
1588,1588,-,1586
1589,1589,-,1587
1590,1590,-,1588
1591,1591,-,1589
1592,1592,-,1590
1593,1593,-,1591
1594,1594,-,1592
1595,1595,-,1593
1596,1596,-,1594
1597,1597,-,1595
1598,1598,-,1596
1599,1599,-,1597
1600,1600,-,1598
1601,1601,-,1599
1602,1602,-,1600
1603,1603,-,1601
1604,1604,-,1602
1605,1605,-,1603
1606,1606,-,1604
1607,1607,-,1605
1608,1608,-,1606
1609,1609,-,1607
1610,1610,-,1608
1611,1611,-,1609
1612,1612,-,1610
1613,1613,-,1611
1614,1614,-,1612
1615,1615,-,1613
1616,1616,-,1614
1617,1617,-,1615
1618,1618,-,1616
1619,1619,-,1617
1620,1620,-,1618
1621,1621,-,1619
1622,1622,-,1620
1623,1623,-,1621
1624,1624,-,1622
1625,1625,-,1623
1626,1626,-,1624
1627,1627,-,1625
1628,1628,-,1626
1629,1629,-,1627
1630,1630,-,1628
1631,1631,-,1629
1632,1632,-,1630
1633,1633,-,1631
1634,1634,-,1632
1635,1635,-,1633
1636,1636,-,1634
1637,1637,-,1635
1638,1638,-,1636
1639,1639,-,1637
1640,1640,-,1638
1641,1641,-,1639
1642,1642,-,1640
1643,1643,-,1641
1644,1644,-,1642
1645,1645,-,1643
1646,1646,-,1644
1647,1647,-,1645
1648,1648,-,1646
1649,1649,-,1647
1650,1650,-,1648
1651,1651,-,1649
1652,1652,-,1650
1653,1653,-,1651
1654,1654,-,1652
1655,1655,-,1653
1656,1656,-,1654
1657,1657,-,1655
1658,1658,-,1656
1659,1659,-,1657
1660,1660,-,1658
1661,1661,-,1659
1662,1662,-,1660
1663,1663,-,1661
1664,1664,-,1662
1665,1665,-,1663
1666,1666,-,1664
1667,1667,-,1665
1668,1668,-,1666
1669,1669,-,1667
1670,1670,-,1668
1671,1671,-,1669
1672,1672,-,1670
1673,1673,-,1671
1674,1674,-,1672
1675,1675,-,1673
1676,1676,-,1674
1677,1677,-,1675
1678,1678,-,1676
1679,1679,-,1677
1680,1680,-,1678
1681,1681,-,1679
1682,1682,-,1680
1683,1683,-,1681
1684,1684,-,1682
1685,1685,-,1683
1686,1686,-,1684
1687,1687,-,1685
1688,1688,-,1686
1689,1689,-,1687
1690,1690,-,1688
1691,1691,-,1689
1692,1692,-,1690
1693,1693,-,1691
1694,1694,-,1692
1695,1695,-,1693
1696,1696,-,1694
1697,1697,-,1695
1698,1698,-,1696
1699,1699,-,1697
1700,1700,-,1698
1701,1701,-,1699
1702,1702,-,1700
1703,1703,-,1701
1704,1704,-,1702
1705,1705,-,1703
1706,1706,-,1704
1707,1707,-,1705
1708,1708,-,1706
1709,1709,-,1707
1710,1710,-,1708
1711,1711,-,1709
1712,1712,-,1710
1713,1713,-,1711
1714,1714,-,1712
1715,1715,-,1713
1716,1716,-,1714
1717,1717,-,1715
1718,1718,-,1716
1719,1719,-,1717
1720,1720,-,1718
1721,1721,-,1719
1722,1722,-,1720
1723,1723,-,1721
1724,1724,-,1722
1725,1725,-,1723
1726,1726,-,1724
1727,1727,-,1725
1728,1728,-,1726
1729,1729,-,1727
1730,1730,-,1728
1731,1731,-,1729
1732,1732,-,1730
1733,1733,-,1731
1734,1734,-,1732
1735,1735,-,1733
1736,1736,-,1734
1737,1737,-,1735
1738,1738,-,1736
1739,1739,-,1737
1740,1740,-,1738
1741,1741,-,1739
1742,1742,-,1740
1743,1743,-,1741
1744,1744,-,1742
1745,1745,-,1743
1746,1746,-,1744
1747,1747,-,1745
1748,1748,-,1746
1749,1749,-,1747
1750,1750,-,1748
1751,1751,-,1749
1752,1752,-,1750
1753,1753,-,1751
1754,1754,-,1752
1755,1755,-,1753
1756,1756,-,1754
1757,1757,-,1755
1758,1758,-,1756
1759,1759,-,1757
1760,1760,-,1758
1761,1761,-,1759
1762,1762,-,1760
1763,1763,-,1761
1764,1764,-,1762
1765,1765,-,1763
1766,1766,-,1764
1767,1767,-,1765
1768,1768,-,1766
1769,1769,-,1767
1770,1770,-,1768
1771,1771,-,1769
1772,1772,-,1770
1773,1773,-,1771
1774,1774,-,1772
1775,1775,-,1773
1776,1776,-,1774
1777,1777,-,1775
1778,1778,-,1776
1779,1779,-,1777
1780,1780,-,1778
1781,1781,-,1779
1782,1782,-,1780
1783,1783,-,1781
1784,1784,-,1782
1785,1785,-,1783
1786,1786,-,1784
1787,1787,-,1785
1788,1788,-,1786
1789,1789,-,1787
1790,1790,-,1788
1791,1791,-,1789
1792,1792,-,1790
1793,1793,-,1791
1794,1794,-,1792
1795,1795,-,1793
1796,1796,-,1794
1797,1797,-,1795
1798,1798,-,1796
1799,1799,-,1797
1800,1800,-,1798
1801,1801,-,1799
1802,1802,-,1800
1803,1803,-,1801
1804,1804,-,1802
1805,1805,-,1803
1806,1806,-,1804
1807,1807,-,1805
1808,1808,-,1806
1809,1809,-,1807
1810,1810,-,1808
1811,1811,-,1809
1812,1812,-,1810
1813,1813,-,1811
1814,1814,-,1812
1815,1815,-,1813
1816,1816,-,1814
1817,1817,-,1815
1818,1818,-,1816
1819,1819,-,1817
1820,1820,-,1818
1821,1821,-,1819
1822,1822,-,1820
1823,1823,-,1821
1824,1824,-,1822
1825,1825,-,1823
1826,1826,-,1824
1827,1827,-,1825
1828,1828,-,1826
1829,1829,-,1827
1830,1830,-,1828
1831,1831,-,1829
1832,1832,-,1830
1833,1833,-,1831
1834,1834,-,1832
1835,1835,-,1833
1836,1836,-,1834
1837,1837,-,1835
1838,1838,-,1836
1839,1839,-,1837
1840,1840,-,1838
1841,1841,-,1839
1842,1842,-,1840
1843,1843,-,1841
1844,1844,-,1842
1845,1845,-,1843
1846,1846,-,1844
1847,1847,-,1845
1848,1848,-,1846
1849,1849,-,1847
1850,1850,-,1848
1851,1851,-,1849
1852,1852,-,1850
1853,1853,-,1851
1854,1854,-,1852
1855,1855,-,1853
1856,1856,-,1854
1857,1857,-,1855
1858,1858,-,1856
1859,1859,-,1857
1860,1860,-,1858
1861,1861,-,1859
1862,1862,-,1860
1863,1863,-,1861
1864,1864,-,1862
1865,1865,-,1863
1866,1866,-,1864
1867,1867,-,1865
1868,1868,-,1866
1869,1869,-,1867
1870,1870,-,1868
1871,1871,-,1869
1872,1872,-,1870
1873,1873,-,1871
1874,1874,-,1872
1875,1875,-,1873
1876,1876,-,1874
1877,1877,-,1875
1878,1878,-,1876
1879,1879,-,1877
1880,1880,-,1878
1881,1881,-,1879
1882,1882,-,1880
1883,1883,-,1881
1884,1884,-,1882
1885,1885,-,1883
1886,1886,-,1884
1887,1887,-,1885
1888,1888,-,1886
1889,1889,-,1887
1890,1890,-,1888
1891,1891,-,1889
1892,1892,-,1890
1893,1893,-,1891
1894,1894,-,1892
1895,1895,-,1893
1896,1896,-,1894
1897,1897,-,1895
1898,1898,-,1896
1899,1899,-,1897
1900,1900,-,1898
1901,1901,-,1899
1902,1902,-,1900
1903,1903,-,1901
1904,1904,-,1902
1905,1905,-,1903
1906,1906,-,1904
1907,1907,-,1905
1908,1908,-,1906
1909,1909,-,1907
1910,1910,-,1908
1911,1911,-,1909
1912,1912,-,1910
1913,1913,-,1911
1914,1914,-,1912
1915,1915,-,1913
1916,1916,-,1914
1917,1917,-,1915
1918,1918,-,1916
1919,1919,-,1917
1920,1920,-,1918
1921,1921,-,1919
1922,1922,-,1920
1923,1923,-,1921
1924,1924,-,1922
1925,1925,-,1923
1926,1926,-,1924
1927,1927,-,1925
1928,1928,-,1926
1929,1929,-,1927
1930,1930,-,1928
1931,1931,-,1929
1932,1932,-,1930
1933,1933,-,1931
1934,1934,-,1932
1935,1935,-,1933
1936,1936,-,1934
1937,1937,-,1935
1938,1938,-,1936
1939,1939,-,1937
1940,1940,-,1938
1941,1941,-,1939
1942,1942,-,1940
1943,1943,-,1941
1944,1944,-,1942
1945,1945,-,1943
1946,1946,-,1944
1947,1947,-,1945
1948,1948,-,1946
1949,1949,-,1947
1950,1950,-,1948
1951,1951,-,1949
1952,1952,-,1950
1953,1953,-,1951
1954,1954,-,1952
1955,1955,-,1953
1956,1956,-,1954
1957,1957,-,1955
1958,1958,-,1956
1959,1959,-,1957
1960,1960,-,1958
1961,1961,-,1959
1962,1962,-,1960
1963,1963,-,1961
1964,1964,-,1962
1965,1965,-,1963
1966,1966,-,1964
1967,1967,-,1965
1968,1968,-,1966
1969,1969,-,1967
1970,1970,-,1968
1971,1971,-,1969
1972,1972,-,1970
1973,1973,-,1971
1974,1974,-,1972
1975,1975,-,1973
1976,1976,-,1974
1977,1977,-,1975
1978,1978,-,1976
1979,1979,-,1977
1980,1980,-,1978
1981,1981,-,1979
1982,1982,-,1980
1983,1983,-,1981
1984,1984,-,1982
1985,1985,-,1983
1986,1986,-,1984
1987,1987,-,1985
1988,1988,-,1986
1989,1989,-,1987
1990,1990,-,1988
1991,1991,-,1989
1992,1992,-,1990
1993,1993,-,1991
1994,1994,-,1992
1995,1995,-,1993
1996,1996,-,1994
1997,1997,-,1995
1998,1998,-,1996
1999,1999,-,1997
2000,2000,-,1998
2001,2001,-,1999
2002,2002,-,2000
2003,2003,-,2001
2004,2004,-,2002
2005,2005,-,2003
2006,2006,-,2004
2007,2007,-,2005
2008,2008,-,2006
2009,2009,-,2007
2010,2010,-,2008
2011,2011,-,2009
2012,2012,-,2010
2013,2013,-,2011
2014,2014,-,2012
2015,2015,-,2013
2016,2016,-,2014
2017,2017,-,2015
2018,2018,-,2016
2019,2019,-,2017
2020,2020,-,2018
2021,2021,-,2019
2022,2022,-,2020
2023,2023,-,2021
2024,2024,-,2022
2025,2025,-,2023
2026,2026,-,2024
2027,2027,-,2025
2028,2028,-,2026
2029,2029,-,2027
2030,2030,-,2028
2031,2031,-,2029
2032,2032,-,2030
2033,2033,-,2031
2034,2034,-,2032
2035,2035,-,2033
2036,2036,-,2034
2037,2037,-,2035
2038,2038,-,2036
2039,2039,-,2037
2040,2040,-,2038
2041,2041,-,2039
2042,2042,-,2040
2043,2043,-,2041
2044,2044,-,2042
2045,2045,-,2043
2046,2046,-,2044
2047,2047,-,2045
2048,2048,-,2046
2049,2049,-,2047
2050,2050,-,2048
2051,2051,-,2049
2052,2052,-,2050
2053,2053,-,2051
2054,2054,-,2052
2055,2055,-,2053
2056,2056,-,2054
2057,2057,-,2055
2058,2058,-,2056
2059,2059,-,2057
2060,2060,-,2058
2061,2061,-,2059
2062,2062,-,2060
2063,2063,-,2061
2064,2064,-,2062
2065,2065,-,2063
2066,2066,-,2064
2067,2067,-,2065
2068,2068,-,2066
2069,2069,-,2067
2070,2070,-,2068
2071,2071,-,2069
2072,2072,-,2070
2073,2073,-,2071
2074,2074,-,2072
2075,2075,-,2073
2076,2076,-,2074
2077,2077,-,2075
2078,2078,-,2076
2079,2079,-,2077
2080,2080,-,2078
2081,2081,-,2079
2082,2082,-,2080
2083,2083,-,2081
2084,2084,-,2082
2085,2085,-,2083
2086,2086,-,2084
2087,2087,-,2085
2088,2088,-,2086
2089,2089,-,2087
2090,2090,-,2088
2091,2091,-,2089
2092,2092,-,2090
2093,2093,-,2091
2094,2094,-,2092
2095,2095,-,2093
2096,2096,-,2094
2097,2097,-,2095
2098,2098,-,2096
2099,2099,-,2097
2100,2100,-,2098
2101,2101,-,2099
2102,2102,-,2100
2103,2103,-,2101
2104,2104,-,2102
2105,2105,-,2103
2106,2106,-,2104
2107,2107,-,2105
2108,2108,-,2106
2109,2109,-,2107
2110,2110,-,2108
2111,2111,-,2109
2112,2112,-,2110
2113,2113,-,2111
2114,2114,-,2112
2115,2115,-,2113
2116,2116,-,2114
2117,2117,-,2115
2118,2118,-,2116
2119,2119,-,2117
2120,2120,-,2118
2121,2121,-,2119
2122,2122,-,2120
2123,2123,-,2121
2124,2124,-,2122
2125,2125,-,2123
2126,2126,-,2124
2127,2127,-,2125
2128,2128,-,2126
2129,2129,-,2127
2130,2130,-,2128
2131,2131,-,2129
2132,2132,-,2130
2133,2133,-,2131
2134,2134,-,2132
2135,2135,-,2133
2136,2136,-,2134
2137,2137,-,2135
2138,2138,-,2136
2139,2139,-,2137
2140,2140,-,2138
2141,2141,-,2139
2142,2142,-,2140
2143,2143,-,2141
2144,2144,-,2142
2145,2145,-,2143
2146,2146,-,2144
2147,2147,-,2145
2148,2148,-,2146
2149,2149,-,2147
2150,2150,-,2148
2151,2151,-,2149
2152,2152,-,2150
2153,2153,-,2151
2154,2154,-,2152
2155,2155,-,2153
2156,2156,-,2154
2157,2157,-,2155
2158,2158,-,2156
2159,2159,-,2157
2160,2160,-,2158
2161,2161,-,2159
2162,2162,-,2160
2163,2163,-,2161
2164,2164,-,2162
2165,2165,-,2163
2166,2166,-,2164
2167,2167,-,2165
2168,2168,-,2166
2169,2169,-,2167
2170,2170,-,2168
2171,2171,-,2169
2172,2172,-,2170
2173,2173,-,2171
2174,2174,-,2172
2175,2175,-,2173
2176,2176,-,2174
2177,2177,-,2175
2178,2178,-,2176
2179,2179,-,2177
2180,2180,-,2178
2181,2181,-,2179
2182,2182,-,2180
2183,2183,-,2181
2184,2184,-,2182
2185,2185,-,2183
2186,2186,-,2184
2187,2187,-,2185
2188,2188,-,2186
2189,2189,-,2187
2190,2190,-,2188
2191,2191,-,2189
2192,2192,-,2190
2193,2193,-,2191
2194,2194,-,2192
2195,2195,-,2193
2196,2196,-,2194
2197,2197,-,2195
2198,2198,-,2196
2199,2199,-,2197
2200,2200,-,2198
2201,2201,-,2199
2202,2202,-,2200
2203,2203,-,2201
2204,2204,-,2202
2205,2205,-,2203
2206,2206,-,2204
2207,2207,-,2205
2208,2208,-,2206
2209,2209,-,2207
2210,2210,-,2208
2211,2211,-,2209
2212,2212,-,2210
2213,2213,-,2211
2214,2214,-,2212
2215,2215,-,2213
2216,2216,-,2214
2217,2217,-,2215
2218,2218,-,2216
2219,2219,-,2217
2220,2220,-,2218
2221,2221,-,2219
2222,2222,-,2220
2223,2223,-,2221
2224,2224,-,2222
2225,2225,-,2223
2226,2226,-,2224
2227,2227,-,2225
2228,2228,-,2226
2229,2229,-,2227
2230,2230,-,2228
2231,2231,-,2229
2232,2232,-,2230
2233,2233,-,2231
2234,2234,-,2232
2235,2235,-,2233
2236,2236,-,2234
2237,2237,-,2235
2238,2238,-,2236
2239,2239,-,2237
2240,2240,-,2238
2241,2241,-,2239
2242,2242,-,2240
2243,2243,-,2241
2244,2244,-,2242
2245,2245,-,2243
2246,2246,-,2244
2247,2247,-,2245
2248,2248,-,2246
2249,2249,-,2247
2250,2250,-,2248
2251,2251,-,2249
2252,2252,-,2250
2253,2253,-,2251
2254,2254,-,2252
2255,2255,-,2253
2256,2256,-,2254
2257,2257,-,2255
2258,2258,-,2256
2259,2259,-,2257
2260,2260,-,2258
2261,2261,-,2259
2262,2262,-,2260
2263,2263,-,2261
2264,2264,-,2262
2265,2265,-,2263
2266,2266,-,2264
2267,2267,-,2265
2268,2268,-,2266
2269,2269,-,2267
2270,2270,-,2268
2271,2271,-,2269
2272,2272,-,2270
2273,2273,-,2271
2274,2274,-,2272
2275,2275,-,2273
2276,2276,-,2274
2277,2277,-,2275
2278,2278,-,2276
2279,2279,-,2277
2280,2280,-,2278
2281,2281,-,2279
2282,2282,-,2280
2283,2283,-,2281
2284,2284,-,2282
2285,2285,-,2283
2286,2286,-,2284
2287,2287,-,2285
2288,2288,-,2286
2289,2289,-,2287
2290,2290,-,2288
2291,2291,-,2289
2292,2292,-,2290
2293,2293,-,2291
2294,2294,-,2292
2295,2295,-,2293
2296,2296,-,2294
2297,2297,-,2295
2298,2298,-,2296
2299,2299,-,2297
2300,2300,-,2298
2301,2301,-,2299
2302,2302,-,2300
2303,2303,-,2301
2304,2304,-,2302
2305,2305,-,2303
2306,2306,-,2304
2307,2307,-,2305
2308,2308,-,2306
2309,2309,-,2307
2310,2310,-,2308
2311,2311,-,2309
2312,2312,-,2310
2313,2313,-,2311
2314,2314,-,2312
2315,2315,-,2313
2316,2316,-,2314
2317,2317,-,2315
2318,2318,-,2316
2319,2319,-,2317
2320,2320,-,2318
2321,2321,-,2319
2322,2322,-,2320
2323,2323,-,2321
2324,2324,-,2322
2325,2325,-,2323
2326,2326,-,2324
2327,2327,-,2325
2328,2328,-,2326
2329,2329,-,2327
2330,2330,-,2328
2331,2331,-,2329
2332,2332,-,2330
2333,2333,-,2331
2334,2334,-,2332
2335,2335,-,2333
2336,2336,-,2334
2337,2337,-,2335
2338,2338,-,2336
2339,2339,-,2337
2340,2340,-,2338
2341,2341,-,2339
2342,2342,-,2340
2343,2343,-,2341
2344,2344,-,2342
2345,2345,-,2343
2346,2346,-,2344
2347,2347,-,2345
2348,2348,-,2346
2349,2349,-,2347
2350,2350,-,2348
2351,2351,-,2349
2352,2352,-,2350
2353,2353,-,2351
2354,2354,-,2352
2355,2355,-,2353
2356,2356,-,2354
2357,2357,-,2355
2358,2358,-,2356
2359,2359,-,2357
2360,2360,-,2358
2361,2361,-,2359
2362,2362,-,2360
2363,2363,-,2361
2364,2364,-,2362
2365,2365,-,2363
2366,2366,-,2364
2367,2367,-,2365
2368,2368,-,2366
2369,2369,-,2367
2370,2370,-,2368
2371,2371,-,2369
2372,2372,-,2370
2373,2373,-,2371
2374,2374,-,2372
2375,2375,-,2373
2376,2376,-,2374
2377,2377,-,2375
2378,2378,-,2376
2379,2379,-,2377
2380,2380,-,2378
2381,2381,-,2379
2382,2382,-,2380
2383,2383,-,2381
2384,2384,-,2382
2385,2385,-,2383
2386,2386,-,2384
2387,2387,-,2385
2388,2388,-,2386
2389,2389,-,2387
2390,2390,-,2388
2391,2391,-,2389
2392,2392,-,2390
2393,2393,-,2391
2394,2394,-,2392
2395,2395,-,2393
2396,2396,-,2394
2397,2397,-,2395
2398,2398,-,2396
2399,2399,-,2397
2400,2400,-,2398
2401,2401,-,2399
2402,2402,-,2400
2403,2403,-,2401
2404,2404,-,2402
2405,2405,-,2403
2406,2406,-,2404
2407,2407,-,2405
2408,2408,-,2406
2409,2409,-,2407
2410,2410,-,2408
2411,2411,-,2409
2412,2412,-,2410
2413,2413,-,2411
2414,2414,-,2412
2415,2415,-,2413
2416,2416,-,2414
2417,2417,-,2415
2418,2418,-,2416
2419,2419,-,2417
2420,2420,-,2418
2421,2421,-,2419
2422,2422,-,2420
2423,2423,-,2421
2424,2424,-,2422
2425,2425,-,2423
2426,2426,-,2424
2427,2427,-,2425
2428,2428,-,2426
2429,2429,-,2427
2430,2430,-,2428
2431,2431,-,2429
2432,2432,-,2430
2433,2433,-,2431
2434,2434,-,2432
2435,2435,-,2433
2436,2436,-,2434
2437,2437,-,2435
2438,2438,-,2436
2439,2439,-,2437
2440,2440,-,2438
2441,2441,-,2439
2442,2442,-,2440
2443,2443,-,2441
2444,2444,-,2442
2445,2445,-,2443
2446,2446,-,2444
2447,2447,-,2445
2448,2448,-,2446
2449,2449,-,2447
2450,2450,-,2448
2451,2451,-,2449
2452,2452,-,2450
2453,2453,-,2451
2454,2454,-,2452
2455,2455,-,2453
2456,2456,-,2454
2457,2457,-,2455
2458,2458,-,2456
2459,2459,-,2457
2460,2460,-,2458
2461,2461,-,2459
2462,2462,-,2460
2463,2463,-,2461
2464,2464,-,2462
2465,2465,-,2463
2466,2466,-,2464
2467,2467,-,2465
2468,2468,-,2466
2469,2469,-,2467
2470,2470,-,2468
2471,2471,-,2469
2472,2472,-,2470
2473,2473,-,2471
2474,2474,-,2472
2475,2475,-,2473
2476,2476,-,2474
2477,2477,-,2475
2478,2478,-,2476
2479,2479,-,2477
2480,2480,-,2478
2481,2481,-,2479
2482,2482,-,2480
2483,2483,-,2481
2484,2484,-,2482
2485,2485,-,2483
2486,2486,-,2484
2487,2487,-,2485
2488,2488,-,2486
2489,2489,-,2487
2490,2490,-,2488
2491,2491,-,2489
2492,2492,-,2490
2493,2493,-,2491
2494,2494,-,2492
2495,2495,-,2493
2496,2496,-,2494
2497,2497,-,2495
2498,2498,-,2496
2499,2499,-,2497
2500,2500,-,2498
2501,2501,-,2499
2502,2502,-,2500
2503,2503,-,2501
2504,2504,-,2502
2505,2505,-,2503
2506,2506,-,2504
2507,2507,-,2505
2508,2508,-,2506
2509,2509,-,2507
2510,2510,-,2508
2511,2511,-,2509
2512,2512,-,2510
2513,2513,-,2511
2514,2514,-,2512
2515,2515,-,2513
2516,2516,-,2514
2517,2517,-,2515
2518,2518,-,2516
2519,2519,-,2517
2520,2520,-,2518
2521,2521,-,2519
2522,2522,-,2520
2523,2523,-,2521
2524,2524,-,2522
2525,2525,-,2523
2526,2526,-,2524
2527,2527,-,2525
2528,2528,-,2526
2529,2529,-,2527
2530,2530,-,2528
2531,2531,-,2529
2532,2532,-,2530
2533,2533,-,2531
2534,2534,-,2532
2535,2535,-,2533
2536,2536,-,2534
2537,2537,-,2535
2538,2538,-,2536
2539,2539,-,2537
2540,2540,-,2538
2541,2541,-,2539
2542,2542,-,2540
2543,2543,-,2541
2544,2544,-,2542
2545,2545,-,2543
2546,2546,-,2544
2547,2547,-,2545
2548,2548,-,2546
2549,2549,-,2547
2550,2550,-,2548
2551,2551,-,2549
2552,2552,-,2550
2553,2553,-,2551
2554,2554,-,2552
2555,2555,-,2553
2556,2556,-,2554
2557,2557,-,2555
2558,2558,-,2556
2559,2559,-,2557
2560,2560,-,2558
2561,2561,-,2559
2562,2562,-,2560
2563,2563,-,2561
2564,2564,-,2562
2565,2565,-,2563
2566,2566,-,2564
2567,2567,-,2565
2568,2568,-,2566
2569,2569,-,2567
2570,2570,-,2568
2571,2571,-,2569
2572,2572,-,2570
2573,2573,-,2571
2574,2574,-,2572
2575,2575,-,2573
2576,2576,-,2574
2577,2577,-,2575
2578,2578,-,2576
2579,2579,-,2577
2580,2580,-,2578
2581,2581,-,2579
2582,2582,-,2580
2583,2583,-,2581
2584,2584,-,2582
2585,2585,-,2583
2586,2586,-,2584
2587,2587,-,2585
2588,2588,-,2586
2589,2589,-,2587
2590,2590,-,2588
2591,2591,-,2589
2592,2592,-,2590
2593,2593,-,2591
2594,2594,-,2592
2595,2595,-,2593
2596,2596,-,2594
2597,2597,-,2595
2598,2598,-,2596
2599,2599,-,2597
2600,2600,-,2598
2601,2601,-,2599
2602,2602,-,2600
2603,2603,-,2601
2604,2604,-,2602
2605,2605,-,2603
2606,2606,-,2604
2607,2607,-,2605
2608,2608,-,2606
2609,2609,-,2607
2610,2610,-,2608
2611,2611,-,2609
2612,2612,-,2610
2613,2613,-,2611
2614,2614,-,2612
2615,2615,-,2613
2616,2616,-,2614
2617,2617,-,2615
2618,2618,-,2616
2619,2619,-,2617
2620,2620,-,2618
2621,2621,-,2619
2622,2622,-,2620
2623,2623,-,2621
2624,2624,-,2622
2625,2625,-,2623
2626,2626,-,2624
2627,2627,-,2625
2628,2628,-,2626
2629,2629,-,2627
2630,2630,-,2628
2631,2631,-,2629
2632,2632,-,2630
2633,2633,-,2631
2634,2634,-,2632
2635,2635,-,2633
2636,2636,-,2634
2637,2637,-,2635
2638,2638,-,2636
2639,2639,-,2637
2640,2640,-,2638
2641,2641,-,2639
2642,2642,-,2640
2643,2643,-,2641
2644,2644,-,2642
2645,2645,-,2643
2646,2646,-,2644
2647,2647,-,2645
2648,2648,-,2646
2649,2649,-,2647
2650,2650,-,2648
2651,2651,-,2649
2652,2652,-,2650
2653,2653,-,2651
2654,2654,-,2652
2655,2655,-,2653
2656,2656,-,2654
2657,2657,-,2655
2658,2658,-,2656
2659,2659,-,2657
2660,2660,-,2658
2661,2661,-,2659
2662,2662,-,2660
2663,2663,-,2661
2664,2664,-,2662
2665,2665,-,2663
2666,2666,-,2664
2667,2667,-,2665
2668,2668,-,2666
2669,2669,-,2667
2670,2670,-,2668
2671,2671,-,2669
2672,2672,-,2670
2673,2673,-,2671
2674,2674,-,2672
2675,2675,-,2673
2676,2676,-,2674
2677,2677,-,2675
2678,2678,-,2676
2679,2679,-,2677
2680,2680,-,2678
2681,2681,-,2679
2682,2682,-,2680
2683,2683,-,2681
2684,2684,-,2682
2685,2685,-,2683
2686,2686,-,2684
2687,2687,-,2685
2688,2688,-,2686
2689,2689,-,2687
2690,2690,-,2688
2691,2691,-,2689
2692,2692,-,2690
2693,2693,-,2691
2694,2694,-,2692
2695,2695,-,2693
2696,2696,-,2694
2697,2697,-,2695
2698,2698,-,2696
2699,2699,-,2697
2700,2700,-,2698
2701,2701,-,2699
2702,2702,-,2700
2703,2703,-,2701
2704,2704,-,2702
2705,2705,-,2703
2706,2706,-,2704
2707,2707,-,2705
2708,2708,-,2706
2709,2709,-,2707
2710,2710,-,2708
2711,2711,-,2709
2712,2712,-,2710
2713,2713,-,2711
2714,2714,-,2712
2715,2715,-,2713
2716,2716,-,2714
2717,2717,-,2715
2718,2718,-,2716
2719,2719,-,2717
2720,2720,-,2718
2721,2721,-,2719
2722,2722,-,2720
2723,2723,-,2721
2724,2724,-,2722
2725,2725,-,2723
2726,2726,-,2724
2727,2727,-,2725
2728,2728,-,2726
2729,2729,-,2727
2730,2730,-,2728
2731,2731,-,2729
2732,2732,-,2730
2733,2733,-,2731
2734,2734,-,2732
2735,2735,-,2733
2736,2736,-,2734
2737,2737,-,2735
2738,2738,-,2736
2739,2739,-,2737
2740,2740,-,2738
2741,2741,-,2739
2742,2742,-,2740
2743,2743,-,2741
2744,2744,-,2742
2745,2745,-,2743
2746,2746,-,2744
2747,2747,-,2745
2748,2748,-,2746
2749,2749,-,2747
2750,2750,-,2748
2751,2751,-,2749
2752,2752,-,2750
2753,2753,-,2751
2754,2754,-,2752
2755,2755,-,2753
2756,2756,-,2754
2757,2757,-,2755
2758,2758,-,2756
2759,2759,-,2757
2760,2760,-,2758
2761,2761,-,2759
2762,2762,-,2760
2763,2763,-,2761
2764,2764,-,2762
2765,2765,-,2763
2766,2766,-,2764
2767,2767,-,2765
2768,2768,-,2766
2769,2769,-,2767
2770,2770,-,2768
2771,2771,-,2769
2772,2772,-,2770
2773,2773,-,2771
2774,2774,-,2772
2775,2775,-,2773
2776,2776,-,2774
2777,2777,-,2775
2778,2778,-,2776
2779,2779,-,2777
2780,2780,-,2778
2781,2781,-,2779
2782,2782,-,2780
2783,2783,-,2781
2784,2784,-,2782
2785,2785,-,2783
2786,2786,-,2784
2787,2787,-,2785
2788,2788,-,2786
2789,2789,-,2787
2790,2790,-,2788
2791,2791,-,2789
2792,2792,-,2790
2793,2793,-,2791
2794,2794,-,2792
2795,2795,-,2793
2796,2796,-,2794
2797,2797,-,2795
2798,2798,-,2796
2799,2799,-,2797
2800,2800,-,2798
2801,2801,-,2799
2802,2802,-,2800
2803,2803,-,2801
2804,2804,-,2802
2805,2805,-,2803
2806,2806,-,2804
2807,2807,-,2805
2808,2808,-,2806
2809,2809,-,2807
2810,2810,-,2808
2811,2811,-,2809
2812,2812,-,2810
2813,2813,-,2811
2814,2814,-,2812
2815,2815,-,2813
2816,2816,-,2814
2817,2817,-,2815
2818,2818,-,2816
2819,2819,-,2817
2820,2820,-,2818
2821,2821,-,2819
2822,2822,-,2820
2823,2823,-,2821
2824,2824,-,2822
2825,2825,-,2823
2826,2826,-,2824
2827,2827,-,2825
2828,2828,-,2826
2829,2829,-,2827
2830,2830,-,2828
2831,2831,-,2829
2832,2832,-,2830
2833,2833,-,2831
2834,2834,-,2832
2835,2835,-,2833
2836,2836,-,2834
2837,2837,-,2835
2838,2838,-,2836
2839,2839,-,2837
2840,2840,-,2838
2841,2841,-,2839
2842,2842,-,2840
2843,2843,-,2841
2844,2844,-,2842
2845,2845,-,2843
2846,2846,-,2844
2847,2847,-,2845
2848,2848,-,2846
2849,2849,-,2847
2850,2850,-,2848
2851,2851,-,2849
2852,2852,-,2850
2853,2853,-,2851
2854,2854,-,2852
2855,2855,-,2853
2856,2856,-,2854
2857,2857,-,2855
2858,2858,-,2856
2859,2859,-,2857
2860,2860,-,2858
2861,2861,-,2859
2862,2862,-,2860
2863,2863,-,2861
2864,2864,-,2862
2865,2865,-,2863
2866,2866,-,2864
2867,2867,-,2865
2868,2868,-,2866
2869,2869,-,2867
2870,2870,-,2868
2871,2871,-,2869
2872,2872,-,2870
2873,2873,-,2871
2874,2874,-,2872
2875,2875,-,2873
2876,2876,-,2874
2877,2877,-,2875
2878,2878,-,2876
2879,2879,-,2877
2880,2880,-,2878
2881,2881,-,2879
2882,2882,-,2880
2883,2883,-,2881
2884,2884,-,2882
2885,2885,-,2883
2886,2886,-,2884
2887,2887,-,2885
2888,2888,-,2886
2889,2889,-,2887
2890,2890,-,2888
2891,2891,-,2889
2892,2892,-,2890
2893,2893,-,2891
2894,2894,-,2892
2895,2895,-,2893
2896,2896,-,2894
2897,2897,-,2895
2898,2898,-,2896
2899,2899,-,2897
2900,2900,-,2898
2901,2901,-,2899
2902,2902,-,2900
2903,2903,-,2901
2904,2904,-,2902
2905,2905,-,2903
2906,2906,-,2904
2907,2907,-,2905
2908,2908,-,2906
2909,2909,-,2907
2910,2910,-,2908
2911,2911,-,2909
2912,2912,-,2910
2913,2913,-,2911
2914,2914,-,2912
2915,2915,-,2913
2916,2916,-,2914
2917,2917,-,2915
2918,2918,-,2916
2919,2919,-,2917
2920,2920,-,2918
2921,2921,-,2919
2922,2922,-,2920
2923,2923,-,2921
2924,2924,-,2922
2925,2925,-,2923
2926,2926,-,2924
2927,2927,-,2925
2928,2928,-,2926
2929,2929,-,2927
2930,2930,-,2928
2931,2931,-,2929
2932,2932,-,2930
2933,2933,-,2931
2934,2934,-,2932
2935,2935,-,2933
2936,2936,-,2934
2937,2937,-,2935
2938,2938,-,2936
2939,2939,-,2937
2940,2940,-,2938
2941,2941,-,2939
2942,2942,-,2940
2943,2943,-,2941
2944,2944,-,2942
2945,2945,-,2943
2946,2946,-,2944
2947,2947,-,2945
2948,2948,-,2946
2949,2949,-,2947
2950,2950,-,2948
2951,2951,-,2949
2952,2952,-,2950
2953,2953,-,2951
2954,2954,-,2952
2955,2955,-,2953
2956,2956,-,2954
2957,2957,-,2955
2958,2958,-,2956
2959,2959,-,2957
2960,2960,-,2958
2961,2961,-,2959
2962,2962,-,2960
2963,2963,-,2961
2964,2964,-,2962
2965,2965,-,2963
2966,2966,-,2964
2967,2967,-,2965
2968,2968,-,2966
2969,2969,-,2967
2970,2970,-,2968
2971,2971,-,2969
2972,2972,-,2970
2973,2973,-,2971
2974,2974,-,2972
2975,2975,-,2973
2976,2976,-,2974
2977,2977,-,2975
2978,2978,-,2976
2979,2979,-,2977
2980,2980,-,2978
2981,2981,-,2979
2982,2982,-,2980
2983,2983,-,2981
2984,2984,-,2982
2985,2985,-,2983
2986,2986,-,2984
2987,2987,-,2985
2988,2988,-,2986
2989,2989,-,2987
2990,2990,-,2988
2991,2991,-,2989
2992,2992,-,2990
2993,2993,-,2991
2994,2994,-,2992
2995,2995,-,2993
2996,2996,-,2994
2997,2997,-,2995
2998,2998,-,2996
2999,2999,-,2997
3000,3000,-,2998
